resource_type,resource_name,tier,purchase_count,total_revenue,conversion_goal
content,How to Edit High-End Business Documentaries Like MagnatesMedia Using AI,article,0,0,authority_building
content,Global Exploration Without a Face: POV and Drone Travel Vlogs,article,0,0,authority_building
content,"0 to 10,000 Followers: The 30-Day Faceless Growth Challenge",article,0,0,authority_building
content,Faceless 2.0: Starting a VTubing Channel with AI Motion Capture,article,0,0,authority_building
content,"The ""Anti-Ad"" Strategy: How to Monetize Low-View Faceless Channels",article,0,0,authority_building
content,"The ""Brain Rot"" Economy: High-Frequency AI Storytelling on Shorts",article,0,0,authority_building
content,AI Voice Brand Builder Quiz: Find Your Perfect Faceless Voice,article,0,0,authority_building
content,The Future of Faceless: 2027 Predictions and Beyond,article,0,0,authority_building
content,Are AI-Generated Faceless Channels Still Monetizable? YouTube’s Latest 2026 Policy,article,0,0,authority_building
content,Automating Reddit Stories for YouTube Shorts: The 2026 Viral Blueprint,article,0,0,authority_building
content,Beyond the View: Turning Faceless Traffic into a Newsletter Empire,article,0,0,authority_building
content,"Faceless Content Legal Guide: Copyright, Fair Use & AI Content Laws 2026",article,0,0,authority_building
content,From Zero to $15K/Month: The Horror Story Channel That Never Shows a Face,article,0,0,authority_building
content,How to Create Realistic AI Influencers for Instagram Without Showing Your Face,article,0,0,authority_building
content,How to Monetize a Faceless Channel Without AdSense: Beyond YouTube Revenue,article,0,0,authority_building
content,How to Use Our Niche Idea Generator for Maximum Results,article,0,0,authority_building
content,Platform 1: YouTube Automation (The Cash Cow),article,0,0,authority_building
content,Platform 2: TikTok Growth (The Viral Engine),article,0,0,authority_building
content,Platform 3: Instagram Reels (The Brand Builder),article,0,0,authority_building
content,The 2025 Blueprint: How to Start a Faceless YouTube Channel,article,0,0,authority_building
content,The 2026 Pinterest Strategy: Driving 100k Monthly Visitors to Your Blog,article,0,0,authority_building
content,The 2026 Tech Tutorial Blueprint: High Commissions with Screen Recording,article,0,0,authority_building
content,The AI News Machine: Building an Automated Daily Tech Update Channel,article,0,0,authority_building
content,The Anonymous Creator’s Privacy Stack: Staying Hidden in 2026,article,0,0,authority_building
content,The Dangerous Sea: Mastering the Historical Mystery Niche on TikTok,article,0,0,authority_building
content,The Definitive Guide to Starting a Faceless YouTube Channel with AI Voiceovers in 2026,article,0,0,authority_building
content,The Ethical Creator: Handling AI Disclosures on Social Platforms,article,0,0,authority_building
content,The Faceless Solopreneur Strategy Playbook (2025 Edition),article,0,0,authority_building
content,The Luxury Aesthetic: Why High-End Faceless Channels Earn 3x More,article,0,0,authority_building
content,The Psychology Behind High-Click Thumbnails: Our Analysis Framework,article,0,0,authority_building
content,The Psychology of Anonymity: Why Viewers Trust Faceless Brands,article,0,0,authority_building
content,The Rise of Silent Vlogs: How to Build a Global Audience with Pure ASMR,article,0,0,authority_building
content,The Step-by-Step Guide to Automating Your Faceless TikTok Using AI in 2026,article,0,0,authority_building
content,The Stoic Creator: Why Philosophy Channels are Exploding in 2026,article,0,0,authority_building
content,The Ultimate Toolkit: Top 10 AI Tools for Faceless Content Solopreneurs (2026 Update),article,0,0,authority_building
content,TikTok Shop 2026: Scaling a Faceless E-commerce Empire,article,0,0,authority_building
content,Top 10 AI Video Generators for Faceless Creators: 2026 Review,article,0,0,authority_building
content,The Invisible Empire: How to Build a Faceless YouTube Channel in 2026,article,0,0,authority_building
content,30-Day Launch Calendar: Corporate True Crime Channel,article,0,0,authority_building
product,Thumbnail Psycho-Analysis Template Pack,digital,0,0,revenue_generation
product,Viral Script Template Library,digital,0,0,revenue_generation
product,Faceless Automation Blueprint (With Outsourcing Rolodex),course,0,0,revenue_generation
tool,Resemble.ai,Audio & Voice Synthesis,0,0,affiliate_income
tool,Google Cloud Text-to-Speech,Audio & Voice Synthesis,0,0,affiliate_income
tool,Murf.ai,Audio & Voice Synthesis,0,0,affiliate_income
tool,ElevenLabs,AI Voiceover,0,0,affiliate_income
tool,InVideo AI,Video Creation,0,0,affiliate_income
tool,Pictory,Video Creation,0,0,affiliate_income
tool,Fliki,Video Creation,0,0,affiliate_income
tool,Crayo AI,Video Editing,0,0,affiliate_income
tool,Pika 2.2,Video Editing,0,0,affiliate_income
tool,Nova Reel,Video Editing,0,0,affiliate_income
tool,Hunyuan Video by Tencent,Video Editing,0,0,affiliate_income
tool,BigMotion AI,Video Editing,0,0,affiliate_income
tool,CopyCopter.ai,Video Editing,0,0,affiliate_income
tool,Kling AI,Video Editing,0,0,affiliate_income
tool,Runway Gen-2 / Runway ML,Video Editing,0,0,affiliate_income
tool,Crreo AI,Video Editing,0,0,affiliate_income
tool,Canva AI,Video Editing,0,0,affiliate_income
tool,Videotok,Video Editing,0,0,affiliate_income
tool,ShortsNinja,Video Editing,0,0,affiliate_income
tool,AutoFeed,Video Editing,0,0,affiliate_income
tool,zeroface.ai,Video Editing,0,0,affiliate_income
tool,Lumen5,Video Editing,0,0,affiliate_income
tool,Kapwing,Video Editing,0,0,affiliate_income
tool,CAMB.AI,Video Editing,0,0,affiliate_income
tool,Adobe Premiere Pro,Video Editing,0,0,affiliate_income
tool,DaVinci Resolve,Video Editing,0,0,affiliate_income
tool,Filmora,Video Editing,0,0,affiliate_income
tool,Camtasia,Video Editing,0,0,affiliate_income
tool,Descript,Video Editing,0,0,affiliate_income
tool,Synthesia,Generative Video (AI),0,0,affiliate_income
tool,Runway Gen-2,Generative Video (AI),0,0,affiliate_income
tool,CapCut,Traditional Editing,0,0,affiliate_income
tool,Wondershare Filmora,Traditional Editing,0,0,affiliate_income