id,title,word_count,seo_title,is_fully_optimized,published_at
0aa411c2-15c3-4b09-b778-7cb314c6a1ae,The Psychology of Anonymity: Why Viewers Trust Faceless Brands,800,The Psychology of Anonymity: Why Viewers Trust Fac | Faceless Content,true,
0ebcc70d-a03f-478d-864b-6ddfdddc0f3a,The 2026 Pinterest Strategy: Driving 100k Monthly Visitors to Your Blog,800,The 2026 Pinterest Strategy: Driving 100k Monthly  | Faceless Content,true,
13b66cb1-38f5-4b78-b2ed-953e2add74f2,Faceless 2.0: Starting a VTubing Channel with AI Motion Capture,800,Faceless 2.0: Starting a VTubing Channel with AI M | Faceless Content,true,
14435243-9e4b-4a2d-8103-10d06aabab3e,The Faceless Solopreneur Strategy Playbook (2025 Edition),800,The Faceless Solopreneur Strategy Playbook (2025 E | Faceless Content,true,2025-11-24 18:46:40.895511+00
17614bf1-5196-48c9-8896-792e672c97aa,The Definitive Guide to Starting a Faceless YouTube Channel with AI Voiceovers in 2026,800,The Definitive Guide to Starting a Faceless YouTub | Faceless Content,true,2026-01-17 18:40:24.101471+00
1f31f3bc-336a-4dad-a3d0-fcba6a16b65e,Platform 2: TikTok Growth (The Viral Engine),800,Platform 2: TikTok Growth (The Viral Engine) | Faceless Content,true,2025-11-24 18:46:40.895511+00
24a73c0a-cc11-49fa-8604-d4c3668dd848,How to Monetize a Faceless Channel Without AdSense: Beyond YouTube Revenue,800,How to Monetize a Faceless Channel Without AdSense | Faceless Content,true,2026-01-17 19:49:40.531096+00
2bc7d0f2-9bb7-4926-a10d-7ff2ce8e0296,The Anonymous Creator’s Privacy Stack: Staying Hidden in 2026,800,The Anonymous Creator’s Privacy Stack: Staying Hid | Faceless Content,true,
308fa99f-affc-4c15-81a2-e54d65597ab5,The Psychology Behind High-Click Thumbnails: Our Analysis Framework,800,The Psychology Behind High-Click Thumbnails: Our A | Faceless Content,true,2025-11-19 17:37:52.814383+00
3f3dd1ae-61f9-4462-8b48-454f7c0e35f4,The Ultimate Toolkit: Top 10 AI Tools for Faceless Content Solopreneurs (2026 Update),800,The Ultimate Toolkit: Top 10 AI Tools for Faceless | Faceless Content,true,2025-11-19 17:21:22.612386+00
42a92429-3235-46cc-aa35-db8158878ca6,The Stoic Creator: Why Philosophy Channels are Exploding in 2026,800,The Stoic Creator: Why Philosophy Channels are Exp | Faceless Content,true,
4708d5e3-9c5e-4c28-a221-97dc5f361024,The 2026 Tech Tutorial Blueprint: High Commissions with Screen Recording,800,The 2026 Tech Tutorial Blueprint: High Commissions | Faceless Content,true,
4942257f-986a-4b29-9223-bfd0f45c8824,Top 10 AI Video Generators for Faceless Creators: 2026 Review,800,Top 10 AI Video Generators for Faceless Creators:  | Faceless Content,true,
4a17eab5-70b5-4f92-9c1c-4a88b47d1bc9,"Faceless Content Legal Guide: Copyright, Fair Use & AI Content Laws 2026",800,"Faceless Content Legal Guide: Copyright, Fair Use  | Faceless Content",true,2025-11-19 17:37:52.814383+00
510225b1-9616-4c7f-8bad-b723ce2d9fcd,The Future of Faceless: 2027 Predictions and Beyond,800,The Future of Faceless: 2027 Predictions and Beyon | Faceless Content,true,
5411ef46-323d-4494-96f2-9823cb25beba,The AI News Machine: Building an Automated Daily Tech Update Channel,800,The AI News Machine: Building an Automated Daily T | Faceless Content,true,
6751b71c-0270-4000-86bb-982f548badc2,Platform 1: YouTube Automation (The Cash Cow),800,Platform 1: YouTube Automation (The Cash Cow) | Faceless Content,true,2025-11-24 18:46:40.895511+00
6d2dd787-34ef-43ce-a4e8-6b1a7f5ff3b5,The 2025 Blueprint: How to Start a Faceless YouTube Channel,800,The 2025 Blueprint: How to Start a Faceless YouTub | Faceless Content,true,2025-11-24 19:02:16.326514+00
71b00c29-ffe6-4911-abc1-075eb1b44775,Are AI-Generated Faceless Channels Still Monetizable? YouTube’s Latest 2026 Policy,800,Are AI-Generated Faceless Channels Still Monetizab | Faceless Content,true,
77144f3a-1f74-46f9-ae8b-3b23f745e10d,"The ""Brain Rot"" Economy: High-Frequency AI Storytelling on Shorts",800,"The ""Brain Rot"" Economy: High-Frequency AI Storyte | Faceless Content",true,
791b9262-c8d4-4711-9fc0-842f26178218,The Invisible Empire: How to Build a Faceless YouTube Channel in 2026,2850,Faceless YouTube Channels: The 2026 Guide to YouTube Automation,true,2026-01-27 19:17:33.83095+00
7a70ea6e-3f67-4bcc-9150-3d27f4d1b323,"0 to 10,000 Followers: The 30-Day Faceless Growth Challenge",800,"0 to 10,000 Followers: The 30-Day Faceless Growth  | Faceless Content",true,
82fc2e47-b1ae-4ba1-a512-85326c8dffdb,The Step-by-Step Guide to Automating Your Faceless TikTok Using AI in 2026,800,The Step-by-Step Guide to Automating Your Faceless | Faceless Content,true,
843197a5-8054-42f6-a79b-67910af79edf,Global Exploration Without a Face: POV and Drone Travel Vlogs,800,Global Exploration Without a Face: POV and Drone T | Faceless Content,true,
899277f0-3065-48de-b9c5-941ace637463,How to Use Our Niche Idea Generator for Maximum Results,800,How to Use Our Niche Idea Generator for Maximum Re | Faceless Content,true,2025-11-19 17:37:52.814383+00
8cec314d-b0f7-48c5-a2c2-dada6769ebc4,The Dangerous Sea: Mastering the Historical Mystery Niche on TikTok,800,The Dangerous Sea: Mastering the Historical Myster | Faceless Content,true,
8e56f314-816a-405e-a163-f14298a5043a,TikTok Shop 2026: Scaling a Faceless E-commerce Empire,800,TikTok Shop 2026: Scaling a Faceless E-commerce Em | Faceless Content,true,
97a6fb9a-7195-46a0-9c3d-0e25648f5152,Platform 3: Instagram Reels (The Brand Builder),800,Platform 3: Instagram Reels (The Brand Builder) | Faceless Content,true,2025-11-24 18:46:40.895511+00
98dee814-ff3e-4e14-a4da-6debc9fed402,Automating Reddit Stories for YouTube Shorts: The 2026 Viral Blueprint,800,Automating Reddit Stories for YouTube Shorts: The  | Faceless Content,true,
9ea458f7-6f1d-415e-ae58-99f6c2ec481e,The Luxury Aesthetic: Why High-End Faceless Channels Earn 3x More,800,The Luxury Aesthetic: Why High-End Faceless Channe | Faceless Content,true,
a184d9e3-7269-4a38-be73-b38f2c672ddf,AI Voice Brand Builder Quiz: Find Your Perfect Faceless Voice,800,AI Voice Brand Builder Quiz: Find Your Perfect Fac | Faceless Content,true,2025-11-19 17:37:52.814383+00
af481c8f-6cb1-4f0c-99c5-acd12998f12a,How to Edit High-End Business Documentaries Like MagnatesMedia Using AI,800,How to Edit High-End Business Documentaries Like M | Faceless Content,true,
bb713a16-7cb5-4209-adfe-ade310b68ab7,The Ethical Creator: Handling AI Disclosures on Social Platforms,800,The Ethical Creator: Handling AI Disclosures on So | Faceless Content,true,
bd43c41c-6380-4302-8fd1-a731d75e3f4d,30-Day Launch Calendar: Corporate True Crime Channel,2500,30-Day Corporate True Crime YouTube Content Calendar,true,2025-11-24 19:04:00.129716+00
bdf15cc1-a187-4e17-8a95-3a1a08496fa9,The Rise of Silent Vlogs: How to Build a Global Audience with Pure ASMR,800,The Rise of Silent Vlogs: How to Build a Global Au | Faceless Content,true,
cd9222d4-5cae-4bdd-8a63-abf90bb785d4,How to Create Realistic AI Influencers for Instagram Without Showing Your Face,800,How to Create Realistic AI Influencers for Instagr | Faceless Content,true,
dc59f274-8253-4396-a767-e831d013838e,Beyond the View: Turning Faceless Traffic into a Newsletter Empire,800,Beyond the View: Turning Faceless Traffic into a N | Faceless Content,true,
e2b8fe51-e197-47ac-af9e-0e3f25046704,"The ""Anti-Ad"" Strategy: How to Monetize Low-View Faceless Channels",800,"The ""Anti-Ad"" Strategy: How to Monetize Low-View F | Faceless Content",true,
f959620a-1b4c-4f67-9a89-aa4ef8bfa418,From Zero to $15K/Month: The Horror Story Channel That Never Shows a Face,800,From Zero to $15K/Month: The Horror Story Channel  | Faceless Content,true,2025-11-19 17:37:52.814383+00